{
  "generatedAt": "2026-02-22T10:34:04.665Z",
  "dataset": {
    "path": "test_data/heart.csv",
    "samples": 1025,
    "features": 13,
    "trainSize": 820,
    "testSize": 205,
    "randomState": 42,
    "testFraction": 0.2
  },
  "results": [
    {
      "implementation": "bun-scikit",
      "model": "StandardScaler + LinearRegression(normal)",
      "iterations": 40,
      "fitMsMedian": 0.7288505000000001,
      "predictMsMedian": 0.016654499999997796,
      "mse": 0.11754528352716122,
      "r2": 0.5295389961686718,
      "environment": {
        "bun": "1.3.9",
        "runtime": "bun"
      }
    },
    {
      "implementation": "python-scikit-learn",
      "model": "StandardScaler + LinearRegression",
      "iterations": 40,
      "fitMsMedian": 0.7879330000015727,
      "predictMsMedian": 0.09268849999699569,
      "mse": 0.11754528352709759,
      "r2": 0.5295389961689259,
      "dataset": {
        "path": "test_data/heart.csv",
        "samples": 1025,
        "features": 13,
        "trainSize": 820,
        "testSize": 205,
        "randomState": 42,
        "testFraction": 0.2
      },
      "environment": {
        "python": "3.12.12",
        "numpy": "1.26.4",
        "scikitLearn": "1.8.0"
      }
    }
  ],
  "comparison": {
    "fitSpeedupVsSklearn": 1.0810625773071056,
    "predictSpeedupVsSklearn": 5.56537272190747,
    "mseDeltaVsSklearn": 6.362965709882928e-14,
    "r2DeltaVsSklearn": -2.540190280342358e-13
  }
}
