{
  "generatedAt": "2026-02-25T21:25:10.225Z",
  "meta": {
    "samples": 4000,
    "features": 24,
    "trainSamples": 3200,
    "testSamples": 800,
    "iterations": 12,
    "warmup": 3,
    "seed": 42
  },
  "results": [
    {
      "label": "decision_tree",
      "backend": "js-fast",
      "fitMedianMs": 7.529399999999995,
      "predictMedianMs": 0.09389999999999077
    },
    {
      "label": "decision_tree",
      "backend": "zig-tree",
      "fitMedianMs": 7.5137499999999875,
      "predictMedianMs": 0.17225000000000534
    },
    {
      "label": "random_forest",
      "backend": "js-fast",
      "fitMedianMs": 185.89085,
      "predictMedianMs": 9.235950000000003
    },
    {
      "label": "random_forest",
      "backend": "zig-tree",
      "fitMedianMs": 107.42350000000033,
      "predictMedianMs": 8.33640000000014
    }
  ],
  "comparison": {
    "decisionTree": {
      "zigFitSpeedupVsJs": 1.002082848111796,
      "zigPredictSpeedupVsJs": 0.5451378809868671
    },
    "randomForest": {
      "zigFitSpeedupVsJs": 1.7304486448495853,
      "zigPredictSpeedupVsJs": 1.1079062904850832
    }
  }
}
